Episode,Step,Reward,Bass_params_left,Bass_params_right,Other_params_left,Other_params_right,Drums_params_left,Drums_params_right,HAAQI_score_left,HAAQI_score_right,HAAQI_score,Original HAAQI_score,Done
0,1,-215.30115316374943,[-20.    3.8  97.  358. ],[-12.    4.7  17.  917. ],[-32.   2.  96. 982.],[-37.   2.  98.  37.],[ -28.     4.3   22.  1318. ],[ -38.    3.   22. 1199.],0.45748542459536456,0.12254239959482333,0.290013912095094,0.29216692362673147,False
2,1,-6712.412169935089,[ -6.    5.8  86.  896. ],[-36.    6.2  22.  945. ],[-12.    2.2  80.  991. ],[ -14.     5.5   61.  1400. ],[  -7.     3.3   43.  1246. ],[-22.    4.9  40.  357. ],0.40920927862769585,0.4054138224735933,0.4073115505506446,0.4744356722499955,False
3,1,-15212.03520821458,[ -15.     5.6   34.  1690. ],[ -39.     2.1   61.  1354. ],[ -23.     6.7   58.  1478. ],[-29.    3.4  33.  459. ],[  -4.     5.1   25.  2007. ],[ -34.    6.   56. 1676.],0.14231957607105833,0.39066915638532623,0.2664943662281923,0.4186147183103381,False
1,1,-14079.822792476854,[ -12.     4.8   56.  1006. ],[ -3.    5.3  54.  671. ],[-18.    2.8  26.  849. ],[-40.    3.3  72.  564. ],[ -34.     4.7   37.  1650. ],[  -4.     4.4   80.  1432. ],0.47125058276591425,0.22068466909072754,0.34596762592832087,0.4867658538530894,False
3,2,87.1562031558304,[-35.    2.9  32.  887. ],[  -6.     2.9   93.  1300. ],[ -11.     2.4   22.  1181. ],[-14.    5.4  64.  854. ],[  -8.     3.2   83.  1952. ],[ -6.    2.3  95.  487. ],0.4763627411493113,0.3626098195344814,0.4194862803418964,0.4186147183103381,False
0,2,-12442.269042833668,[ -3.    4.7  85.  504. ],[ -17.     6.6   80.  1144. ],[-38.    6.1  69.  309. ],[-32.    2.9  92.  124. ],[-5.   6.2 87.  40. ],[  -6.     3.1   62.  1564. ],0.2232706510137194,0.11221781538307017,0.1677442331983948,0.29216692362673147,False
1,2,-11161.560623899026,[ -12.     3.1   78.  1950. ],[  -7.     2.4   17.  1733. ],[ -14.    5.   96. 1917.],[-12.    6.3  52.  342. ],[ -21.     2.6   81.  1822. ],[ -28.     5.4   62.  1084. ],0.37295579994498285,0.37734469528321546,0.37515024761409915,0.4867658538530894,False
2,2,-25523.630891877026,[ -32.     3.6   68.  1024. ],[-34.    4.8  20.  113. ],[ -21.     3.6   80.  1727. ],[ -39.     4.5   89.  1204. ],[-39.    5.1  79.  521. ],[-29.   6.  32. 836.],0.3486225041342971,0.08977622252815347,0.21919936333122528,0.4744356722499955,False
2,3,-35823.61030096363,[ -35.     4.8   71.  1391. ],[ -18.     2.3   65.  1981. ],[-12.    6.6  77.  679. ],[ -33.    4.   73. 1181.],[  -9.     4.5   36.  1388. ],[ -35.     3.7   82.  1450. ],0.13245418806193054,0.09994495041878787,0.11619956924035921,0.4744356722499955,False
3,3,-16581.942341999416,[ -14.     4.6   42.  1853. ],[-30.    5.4  99.  205. ],[-11.   7.  58. 714.],[ -13.     2.2   70.  1137. ],[  -7.     2.5   52.  1163. ],[ -40.     4.7   95.  1290. ],0.23470893041716967,0.27088165936351816,0.2527952948903439,0.4186147183103381,False
0,3,-6931.397727653166,[-38.    2.9  41.  698. ],[ -31.     6.6   19.  1178. ],[ -21.     4.3   40.  1704. ],[  -7.     5.1   29.  1571. ],[ -18.     4.9   48.  1466. ],[-37.    2.7  29.  119. ],0.32414500647289857,0.12156088622750104,0.2228529463501998,0.29216692362673147,False
1,3,-24138.8343502902,[-34.    6.5  28.   45. ],[ -40.     2.8  100.  1542. ],[  -8.    7.   72. 1475.],[ -32.     6.9   27.  1260. ],[-33.    4.9  87.   51. ],[-30.    5.6  15.  968. ],0.27578570991567497,0.2149693107846998,0.2453775103501874,0.4867658538530894,False
3,4,-20787.679285921633,[-40.    3.4  59.   73. ],[ -17.     6.9   30.  1741. ],[ -13.    7.   99. 1172.],[ -5.    5.2  66.  543. ],[-10.   6.  74. 839.],[ -1.    6.2  82.  500. ],0.14946902458959577,0.2720068263126478,0.21073792545112177,0.4186147183103381,False
2,4,-38037.16049218605,[-39.   6.  20. 983.],[-16.    5.2  20.  435. ],[-36.    4.8  17.   75. ],[ -30.     6.5   71.  1903. ],[ -26.     4.3   90.  1388. ],[ -30.     6.6   17.  1771. ],0.08840429579203003,0.09972383886424,0.09406406732813502,0.4744356722499955,False
0,4,-12429.752252268938,[ -37.     3.5   68.  1307. ],[ -18.     5.8   16.  1507. ],[ -24.     5.3   91.  1636. ],[ -21.    2.   80. 1166.],[  -7.     5.7   66.  1792. ],[  -8.     5.1   72.  1385. ],0.21371501089956074,0.1220237913085234,0.16786940110404208,0.29216692362673147,False
1,4,-29105.421212521633,[-35.    2.9  57.  790. ],[-39.    6.2  68.  313. ],[-29.    3.9  54.  106. ],[ -22.     6.4   27.  1047. ],[-38.    4.2  31.  777. ],[-13.    3.1  15.  780. ],0.23090175050318384,0.16052153295256238,0.19571164172787311,0.4867658538530894,False
0,5,-3071.3775423809043,[-19.    5.5  41.  646. ],[-26.    2.3  92.  622. ],[  -9.     6.6   99.  1438. ],[-33.    4.6  59.  831. ],[ -9.    5.1  20.  977. ],[ -26.     6.5   74.  1782. ],0.40974363595018315,0.11316266045566176,0.2614531482029224,0.29216692362673147,False
3,5,-21364.230835720842,[ -9.   2.  56. 352.],[ -26.     6.9   64.  1396. ],[-29.    6.5  60.  374. ],[  -5.     4.8   73.  1026. ],[-35.    2.1  77.  280. ],[-32.    6.4  34.  660. ],0.13931154415146835,0.27063327575479096,0.20497240995312965,0.4186147183103381,False
2,5,-18521.37407534234,[ -7.    2.7  45.  856. ],[ -6.    5.2  79.  313. ],[-28.    5.9  46.  665. ],[  -3.     6.4   95.  1689. ],[-40.   6.  72. 325.],[-33.    3.7  95.  841. ],0.10415854717892965,0.4742853158142145,0.2892219314965721,0.4744356722499955,False
1,5,-26306.357198799353,[-38.    5.9  20.  608. ],[ -28.    5.   57. 1102.],[ -24.    6.   56. 1203.],[ -38.     2.4   76.  1937. ],[-30.    3.7  33.  969. ],[  -6.     2.2   27.  1811. ],0.1575960566489057,0.2898085070812861,0.2237022818650959,0.4867658538530894,False
3,6,5749.819724091626,[ -32.    4.   32. 1131.],[  -7.     3.8   30.  1908. ],[-22.    3.2  84.  965. ],[-12.    5.3  81.  170. ],[ -29.    3.   41. 1001.],[ -18.     3.1   65.  1336. ],0.5478856736739618,0.40434015742854695,0.47611291555125435,0.4186147183103381,True
0,6,-8798.172583778885,[-25.    5.9  92.  521. ],[-26.   4.  39. 964.],[-29.   2.  26. 894.],[ -9.    3.2  32.  660. ],[-26.    4.8  66.  683. ],[  -6.     5.9   15.  1830. ],0.2863682462105554,0.12200214936732981,0.20418519778894262,0.29216692362673147,False
2,6,197.45731017149492,[ -15.     2.3   97.  1444. ],[ -37.     5.6   35.  1368. ],[ -12.     4.3   70.  2007. ],[-18.    3.8  53.  167. ],[ -39.     6.2   33.  1707. ],[-11.    4.8  34.  737. ],0.409576293196528,0.5432441975068929,0.47641024535171045,0.4744356722499955,False
1,6,-29427.199761510943,[-2.   6.4 23.  61. ],[ -33.     5.4   27.  1371. ],[ -19.     6.6   59.  1583. ],[ -31.     5.3   88.  1137. ],[-20.    6.2  27.  242. ],[-21.    3.2  28.  829. ],0.22385744991248496,0.16113026256347504,0.19249385623798,0.4867658538530894,False
0,7,-9202.782226073958,[-30.    6.9  43.  635. ],[ -35.     3.3   59.  2003. ],[ -11.     5.6   59.  1532. ],[ -3.    3.1  20.  126. ],[-36.    2.7  39.   43. ],[-2.   3.7 80.  67. ],0.278333068943778,0.12194513378820573,0.2001391013659919,0.29216692362673147,False
4,1,-50080.97389648385,[ -32.     5.9   38.  1640. ],[-40.    4.4  21.  596. ],[-35.    5.5  99.  935. ],[-24.    3.4 100.  277. ],[-17.    4.5  83.  944. ],[-23.    6.1  59.  128. ],0.11592021788931708,0.33551422209255694,0.22571721999093702,0.7265269589557755,False
2,7,-18404.934067879185,[ -34.     4.7   99.  1804. ],[-16.    4.5  91.  458. ],[ -27.     6.6   92.  1415. ],[ -11.     5.3   96.  1260. ],[ -18.     2.2   96.  1840. ],[ -11.     4.4   57.  1756. ],0.09169308008475713,0.4890795830576501,0.29038633157120364,0.4744356722499955,False
1,7,-115.11098894556038,[ -2.    4.3  45.  944. ],[ -16.     4.5   78.  1630. ],[-10.    4.3  67.  572. ],[  -5.     3.4   99.  1830. ],[ -3.    2.1  87.  141. ],[ -10.     4.2   88.  1233. ],0.4746804426835053,0.4965490452437623,0.4856147439636338,0.4867658538530894,False
2,8,-4209.930598640765,[ -39.     3.5   15.  1686. ],[ -8.   6.  19. 184.],[ -1.    5.4  97.  275. ],[ -14.     5.3   30.  1621. ],[ -13.     3.3   87.  1685. ],[-40.    5.3  36.  152. ],0.38705162610300775,0.4776211064241679,0.43233636626358785,0.4744356722499955,False
0,8,-15382.503278453374,[ -28.     5.4   25.  1019. ],[ -11.     5.9   78.  1564. ],[ -23.     5.3   28.  1638. ],[ -39.     2.9   82.  1351. ],[-17.    2.9  40.  428. ],[  -7.    3.   69. 1867.],0.16438473292588077,0.1122990487585147,0.13834189084219772,0.29216692362673147,False
1,8,-5910.555861874567,[ -23.     3.3   81.  1986. ],[ -16.     5.1   46.  1947. ],[ -20.     4.2   50.  1505. ],[-2.000e+00  4.100e+00  4.100e+01  2.001e+03],[-33.    5.9  16.  597. ],[  -8.     3.6   47.  1921. ],0.3603711872372999,0.4949494032313876,0.42766029523434373,0.4867658538530894,False
4,2,3108.2559981948534,[-12.    2.7  96.  899. ],[ -21.     2.1   91.  1351. ],[ -16.    4.   82. 1796.],[ -28.    3.   68. 1190.],[ -10.     5.6  100.  1725. ],[-10.    3.7  48.  868. ],0.7900969680303918,0.7251220698450562,0.757609518937724,0.7265269589557755,True
5,1,-10143.471642273591,[ -12.     3.6   96.  1085. ],[-29.    6.9  64.  947. ],[-23.    6.5  44.  674. ],[-11.   3.  29. 268.],[ -28.     3.5   50.  1135. ],[-20.    2.6  69.  359. ],0.10027848196981115,0.27237945622872733,0.18632896909926924,0.28776368552200515,False
2,9,-17863.734586080525,[-28.   4.  34. 329.],[  -3.     4.8   38.  1718. ],[ -32.     4.6   29.  1399. ],[  -6.     6.7   44.  1122. ],[-34.    2.1  15.   90. ],[-33.    2.3  94.  975. ],0.11344089830883536,0.47815575446954517,0.29579832638919024,0.4744356722499955,False
0,9,-12147.576639162073,[-26.   2.  15. 300.],[  -8.     2.4   84.  1467. ],[ -22.     4.8   95.  1514. ],[-32.    4.9  47.  141. ],[ -12.     3.9   40.  1144. ],[-33.   7.  25. 561.],0.22787535099957668,0.11350696347064483,0.17069115723511075,0.29216692362673147,False
1,9,-17675.9606501575,[ -13.     6.4   74.  1451. ],[ -32.     6.8   26.  1410. ],[  -7.     2.7   75.  1567. ],[-37.    5.5  70.  271. ],[-39.    3.5  18.  426. ],[ -11.     4.6   17.  1516. ],0.45920002127733905,0.16081247342568966,0.3100062473515144,0.4867658538530894,False
5,2,3243.3975163009554,[ -36.     4.4   24.  1130. ],[ -13.     3.5   43.  1026. ],[ -2.   7.  52. 616.],[ -33.     3.9   97.  1977. ],[ -13.     4.5   57.  1905. ],[ -3.    2.6  80.  778. ],0.5379887933603715,0.1024065280096579,0.3201976606850147,0.28776368552200515,True
0,10,-8883.8593642311,[ -34.     5.9   20.  1576. ],[  -3.     5.3   30.  1300. ],[ -22.     2.7   24.  1370. ],[-10.    4.3  68.  109. ],[-38.    4.2  81.  116. ],[  -8.     4.5   56.  1996. ],0.28480864230295533,0.12184801766588557,0.20332832998442046,0.29216692362673147,False
1,10,-21931.35271489054,[ -35.     4.6   80.  1301. ],[  -5.     3.8   33.  1344. ],[-34.    2.9  81.  203. ],[-13.    6.3  50.  225. ],[-32.    3.9  16.  893. ],[-18.    6.7  23.   59. ],0.20678770442417127,0.32811694898419674,0.267452326704184,0.4867658538530894,False
2,10,-2796.6763510862634,[  -5.     5.3   78.  1960. ],[-26.    6.5  89.  979. ],[ -14.     3.9   90.  1628. ],[ -1.   2.  23. 204.],[ -30.     5.9   37.  1905. ],[  -8.     3.9   41.  1540. ],0.41952465310868864,0.4734131643695771,0.44646890873913286,0.4744356722499955,False
6,1,-32484.55393691623,[  -2.     3.9   86.  1886. ],[-31.    5.7  71.  598. ],[-17.    5.8  97.  789. ],[ -34.     6.8   77.  1523. ],[-1.000e+00  7.000e+00  9.500e+01  1.658e+03],[ -26.     4.3   61.  1816. ],0.16997707184209457,0.12228086093020667,0.1461289663861506,0.47097450575531286,False
2,11,-37443.69094715301,[-25.    5.5  44.  235. ],[ -25.    3.   67. 1194.],[-17.    5.6  74.  719. ],[-36.    6.1  38.  147. ],[  -7.    2.   18. 1518.],[ -15.     4.1   71.  1422. ],0.09958809396837795,0.10040943158855287,0.09999876277846541,0.4744356722499955,False
1,11,-404.44564575421447,[-22.    2.8  19.  501. ],[ -10.     6.7   29.  1097. ],[-39.   2.  84. 364.],[-12.    4.8  37.  974. ],[ -20.     4.8   40.  1138. ],[-34.    3.9  23.  929. ],0.4721960645773816,0.4932467302137129,0.48272139739554726,0.4867658538530894,False
0,11,-2336.4770593564344,[-12.   3.  90. 450.],[-16.    3.4  81.  162. ],[ -16.     4.4   53.  1957. ],[ -21.     6.7   63.  1348. ],[ -4.    2.9  42.  282. ],[ -12.     3.6   37.  1519. ],0.4246564594365906,0.11294784662974366,0.2688021530331671,0.29216692362673147,False
0,12,-14177.029582059069,[ -29.     4.6   52.  1568. ],[ -20.     6.9   97.  1338. ],[-34.   4.  18. 129.],[ -14.    3.   79. 1442.],[ -1.    6.4  59.  589. ],[ -17.    2.   60. 1897.],0.17920426684191856,0.121588988770363,0.15039662780614077,0.29216692362673147,False
6,2,-12748.463384233466,[ -34.     4.1   58.  1250. ],[-40.    4.3  57.  698. ],[ -2.    6.9  96.  152. ],[ -10.     2.4   42.  1830. ],[ -9.   7.  82. 469.],[-12.    4.9  82.  352. ],0.30849173341291025,0.37848801041304614,0.3434898719129782,0.47097450575531286,False
2,12,-32311.074767008515,[ -24.    5.   82. 1339.],[-18.    2.7  62.  560. ],[-18.    5.6  20.  493. ],[ -35.     6.5   15.  1939. ],[  -2.     2.6   60.  1011. ],[ -17.     6.4   56.  1067. ],0.20446963976895693,0.09818020939086383,0.15132492457991037,0.4744356722499955,False
1,12,-676.386286203351,[ -25.     4.2   39.  1762. ],[ -16.     5.1   53.  1395. ],[ -21.     3.7   31.  1605. ],[-17.    2.2  89.  812. ],[ -32.    3.   69. 1821.],[  -3.    3.   88. 1241.],0.4656355062393738,0.494368475742738,0.4800019909910559,0.4867658538530894,False
2,13,-21203.743239382045,[-21.    2.2  50.  942. ],[  -5.    7.   57. 1828.],[ -4.    2.2  21.  410. ],[-21.   7.  89. 993.],[ -35.     6.3   15.  1341. ],[ -7.    5.3  95.  766. ],0.4238689707819648,0.1009275089303853,0.26239823985617505,0.4744356722499955,False
6,3,-14917.72062846567,[-40.    6.9  35.   99. ],[-1.000e+00  2.400e+00  2.700e+01  1.523e+03],[-29.    6.9  63.  349. ],[-32.   2.  69. 200.],[-14.    2.5  69.  403. ],[-24.    4.1  55.  774. ],0.13034310352081177,0.5132514954205005,0.32179729947065616,0.47097450575531286,False
0,13,-11845.846779592917,[-19.    3.9  96.  630. ],[-28.    2.4  79.  154. ],[ -29.     6.2   56.  1857. ],[ -15.     4.1   18.  1032. ],[-11.   5.  86. 518.],[ -4.    3.7  76.  542. ],0.22485785208053613,0.12255905958106848,0.1737084558308023,0.29216692362673147,False
1,13,-324.9113076539023,[ -19.     4.5   52.  1500. ],[ -7.    2.5  21.  483. ],[  -9.     6.9   27.  1605. ],[-13.    4.4  36.  571. ],[  -3.     4.7   61.  1010. ],[-39.    6.9  44.  836. ],0.47330463372712894,0.4937288478259718,0.4835167407765504,0.4867658538530894,False
2,14,-5296.710568566609,[ -37.     5.3   85.  1177. ],[-13.    2.9  87.  854. ],[  -8.     6.8   96.  1324. ],[ -4.    4.2  71.  465. ],[ -21.     4.4   78.  1266. ],[ -6.    5.2  56.  477. ],0.3897287420050166,0.4532083911236422,0.4214685665643294,0.4744356722499955,False
0,14,-77.61452799420753,[ -9.    5.9  64.  748. ],[  -8.     4.6   45.  1198. ],[-28.    2.1  75.  561. ],[-3.   2.1 65.  97. ],[ -3.   7.  33. 798.],[ -36.     6.7   45.  1267. ],0.46021206020082345,0.12256949649275531,0.2913907783467894,0.29216692362673147,False
1,14,-20233.200885627568,[ -35.     2.6   41.  2019. ],[ -10.    7.   99. 1118.],[ -21.     6.5   95.  1775. ],[ -20.     4.6   38.  1210. ],[ -27.     6.2   74.  1144. ],[ -6.   7.  86. 251.],0.22634796393178896,0.3425197260618385,0.28443384499681373,0.4867658538530894,False
6,4,-23060.443696391118,[-29.    3.3  31.  951. ],[  -8.     6.1   65.  1952. ],[ -5.    2.7  24.  963. ],[-38.    5.5  36.  909. ],[-15.    2.3  96.  184. ],[-19.    2.4  75.  615. ],0.3294069065108339,0.1513332310719695,0.2403700687914017,0.47097450575531286,False
1,15,-12698.596137517054,[ -4.    6.4  98.  637. ],[-23.    2.9  76.  464. ],[ -31.     6.1   91.  1866. ],[ -34.     2.2   61.  1960. ],[ -22.     4.5   36.  1650. ],[-15.    2.8  70.  857. ],0.22650887237889608,0.49305091257694167,0.35977989247791886,0.4867658538530894,False
0,15,-8323.542854250116,[  -2.     2.5   97.  2000. ],[  -5.    5.   94. 1375.],[-27.    3.5  63.  112. ],[ -4.    5.9  91.  889. ],[ -18.     2.5   41.  1287. ],[  -3.     4.4   72.  1229. ],0.29539506479341837,0.12246792537504227,0.2089314950842303,0.29216692362673147,False
2,15,-13200.877058351856,[-5.   5.1 41.  32. ],[-33.    5.5  54.  704. ],[ -40.     6.8   74.  1762. ],[ -28.     3.2   33.  1060. ],[  -8.     4.8   23.  1187. ],[-2.   2.8 22.  86. ],0.11066282848720364,0.5741909748457502,0.34242690166647693,0.4744356722499955,False
6,5,-12465.571576195689,[ -40.     3.4   22.  1697. ],[-37.    6.6  48.  330. ],[  -8.     3.7   75.  1697. ],[-22.    2.5  68.  887. ],[-28.    2.7  25.  414. ],[-31.    6.9  54.  368. ],0.3264771314334742,0.3661604485532377,0.34631878999335597,0.47097450575531286,False
1,16,-22472.206172051745,[  -6.     6.8   90.  1616. ],[-30.    5.9  56.  411. ],[-32.    4.2  77.  248. ],[ -30.     2.7   48.  1680. ],[-14.    6.5  15.   47. ],[  -3.     5.9   62.  1904. ],0.2251518941288622,0.29893569013628174,0.26204379213257195,0.4867658538530894,False
0,16,-11971.069793527759,[ -1.    5.3  71.  592. ],[ -29.     6.1   23.  1668. ],[-26.    5.7  54.  905. ],[  -4.     2.9   92.  1003. ],[-35.    2.1  55.  997. ],[ -37.     3.2   85.  1270. ],0.2233152391087701,0.12159721227413765,0.17245622569145388,0.29216692362673147,False
6,6,-25781.154008951944,[-24.    2.7  98.  653. ],[ -23.     2.7   93.  1178. ],[ -18.    5.   54. 1291.],[ -33.     6.1   16.  1714. ],[ -32.     4.2   72.  1787. ],[-13.   2.  33. 558.],0.27383889798099514,0.1524870333505916,0.21316296566579337,0.47097450575531286,False
2,16,-27002.4771308476,[ -27.     5.6   18.  1241. ],[-39.    6.6  94.  505. ],[ -12.     2.1   79.  1738. ],[ -23.     6.8   61.  1809. ],[-40.    3.6  65.  252. ],[ -20.     4.7   74.  1079. ],0.3194490274115653,0.0893727744714737,0.20441090094151948,0.4744356722499955,False
0,17,-96.0838671111297,[ -9.    6.3  35.  445. ],[ -4.    2.5  73.  549. ],[  -7.    4.   94. 1058.],[ -5.    2.3  38.  983. ],[ -14.     4.6   49.  1445. ],[ -8.    3.7  93.  521. ],0.4596652491127641,0.1227469207984763,0.29120608495562017,0.29216692362673147,False
1,17,-29372.356753359618,[ -24.     3.7   20.  1897. ],[ -39.     4.6   56.  1914. ],[ -25.     5.7   60.  1066. ],[-21.    6.6  35.  627. ],[-10.    2.5  25.  778. ],[-17.    2.6  87.  857. ],0.22560486789084006,0.16047970474814638,0.19304228631949322,0.4867658538530894,False
2,17,-18585.02064472308,[ -24.    4.   39. 1283.],[ -4.    3.4  95.  503. ],[ -22.     6.2   42.  1052. ],[ -22.    2.   23. 1228.],[-23.    6.9  34.   88. ],[ -30.     4.4   59.  1800. ],0.10443930613667435,0.47273162546885494,0.2885854658027647,0.4744356722499955,False
6,7,-11537.681000618422,[-11.    2.3  76.  719. ],[-34.    4.7  43.  462. ],[ -26.     3.4   30.  1427. ],[-40.    2.8  48.  542. ],[ -6.    4.1  19.  750. ],[ -23.     5.5   55.  1618. ],0.418161482824268,0.29303390867398926,0.35559769574912864,0.47097450575531286,False
6,8,-14999.258812131771,[-20.    6.8  34.  983. ],[-1.   6.7 82.  48. ],[-25.    6.9  19.  218. ],[ -3.    4.6  84.  611. ],[ -35.     6.9   94.  1144. ],[ -2.    3.7  47.  530. ],0.12756622394416706,0.5143976113238232,0.32098191763399514,0.47097450575531286,False
0,18,-12490.921340539451,[-28.    3.8  55.  185. ],[ -30.     5.4   59.  1892. ],[ -40.     6.9   31.  1102. ],[ -18.     4.6   80.  2009. ],[-14.    2.7  91.   70. ],[-30.    6.9  85.  454. ],0.22466618921255027,0.10984923123012362,0.16725771022133695,0.29216692362673147,False
2,18,-18872.134826095433,[-12.    2.6  62.  778. ],[-28.    6.7  47.  591. ],[-28.    4.9  56.  498. ],[ -7.    3.7  97.  754. ],[ -34.     4.4   66.  1427. ],[ -30.     2.6   72.  1489. ],0.10443569676302417,0.4669929512150581,0.2857143239890412,0.4744356722499955,False
1,18,-29859.1612406493,[-35.    6.1  36.   73. ],[-1.000e+00  6.600e+00  3.400e+01  1.421e+03],[ -29.     4.6   37.  1560. ],[ -37.     3.6   95.  1321. ],[  -2.     2.4   22.  1598. ],[-40.    4.4  65.  104. ],0.15997455688835724,0.21637392600483557,0.1881742414465964,0.4867658538530894,False
6,9,-3729.2229755721382,[-38.    4.3  19.  624. ],[ -8.    5.7  73.  301. ],[-34.   3.  32. 643.],[-21.    3.9  63.  951. ],[ -29.     4.5   53.  1453. ],[ -32.     5.9   43.  1855. ],0.3285938942519988,0.5387706577471841,0.43368227599959147,0.47097450575531286,False
2,19,-20666.686949551982,[-24.    4.4  52.  166. ],[ -9.    2.8  75.  139. ],[ -7.    2.3  87.  648. ],[ -26.     5.9   71.  1964. ],[ -10.     3.6   36.  1707. ],[  -5.     2.5   62.  1879. ],0.4347946916800398,0.10074291382891154,0.2677688027544757,0.4744356722499955,False
0,19,-2476.509801901605,[ -20.     5.4   88.  1015. ],[-12.    5.8  82.  592. ],[-14.    2.6  64.  980. ],[ -15.     6.4   82.  1842. ],[  -3.     5.2   48.  1273. ],[-21.    2.8  18.  409. ],0.42228642373672115,0.11251722747870968,0.2674018256077154,0.29216692362673147,False
1,19,-4682.098459282036,[ -3.    6.8  61.  263. ],[-23.    2.4  68.  750. ],[ -33.     2.2   46.  1209. ],[ -18.     5.6   16.  1318. ],[-23.    4.6  25.  377. ],[ -5.    2.7  34.  144. ],0.4711219784118591,0.408767760108679,0.43994486926026904,0.4867658538530894,False
0,20,-12806.968286868507,[ -13.     4.8   87.  1488. ],[ -16.     6.8   91.  1388. ],[-27.    6.6  40.  997. ],[-40.    6.7  30.   83. ],[-34.    2.9  99.   23. ],[ -29.     2.1   53.  1255. ],0.2207142802425336,0.10748020127355923,0.1640972407580464,0.29216692362673147,False
6,10,528.4233085866786,[ -20.     3.8   81.  1141. ],[-14.    6.9  41.  281. ],[-13.    2.7  73.  743. ],[ -23.     2.7   81.  1021. ],[-35.    2.3  58.   58. ],[ -6.    2.4  72.  933. ],0.35619405556344047,0.5963234221189189,0.47625873884117964,0.47097450575531286,False
1,20,-16447.55312614526,[ -30.    5.   51. 1929.],[ -17.     3.2   68.  1004. ],[ -20.     5.6   75.  1483. ],[-21.    2.1  54.  660. ],[  -9.     2.3   36.  1940. ],[-38.    4.4  19.  302. ],0.16077096498347757,0.4838096801997961,0.3222903225916368,0.4867658538530894,False
2,20,-21698.922238401647,[ -29.     5.3   63.  1010. ],[ -30.    5.   44. 1509.],[ -39.     6.8   18.  1539. ],[  -4.     2.6   93.  1188. ],[ -38.     4.9   94.  1680. ],[ -19.     3.2   85.  1148. ],0.09128032457965117,0.4236125751523069,0.25744644986597903,0.4744356722499955,False
6,11,2111.1655373069802,[  -2.     3.9   20.  1467. ],[-35.   3.  31. 782.],[  -6.    2.   63. 1746.],[ -35.     2.4   57.  1888. ],[ -17.     2.3   52.  1514. ],[ -28.    6.   49. 1444.],0.3484934974767322,0.6356788247800331,0.49208616112838266,0.47097450575531286,True
0,21,-327.31420324812467,[-18.    5.4  44.  252. ],[-15.   3.  93. 291.],[ -13.     4.1   73.  1716. ],[-19.    2.3  96.  676. ],[ -33.    6.   62. 1601.],[  -6.     5.7   83.  1832. ],0.4552331848818286,0.12255437830667185,0.2888937815942502,0.29216692362673147,False
1,21,-9825.151587191955,[ -9.   2.  29. 651.],[ -34.     4.1   83.  1661. ],[-35.    2.3  70.  736. ],[ -2.    6.9  32.  875. ],[ -8.    5.1  63.  623. ],[ -10.     3.7   66.  1908. ],0.4607001408275687,0.31632853513477105,0.38851433798116985,0.4867658538530894,False
2,21,-23521.938221114226,[ -31.    5.   69. 2002.],[ -5.    5.8  58.  706. ],[-14.    6.2  16.  240. ],[ -17.     6.4   65.  1578. ],[ -16.     6.5   37.  1291. ],[ -33.    5.   93. 1121.],0.3777698909614514,0.10066268911625506,0.23921629003885325,0.4744356722499955,False
7,1,-31969.914253246956,[-7.   2.8 52.  64. ],[ -1.    4.9  68.  188. ],[ -36.     5.5   17.  1748. ],[ -36.     2.8   47.  1625. ],[-1.000e+00  6.800e+00  5.900e+01  1.143e+03],[-16.    6.4  48.  902. ],0.1815231295123374,0.46806580308183343,0.3247944662970854,0.644493608829555,False
0,22,-732.1904576353178,[-18.    4.1  32.  257. ],[-17.    4.7  41.  255. ],[  -2.     2.6   94.  1423. ],[-28.    3.8  69.  962. ],[-33.    5.3  94.  364. ],[ -39.    3.   64. 1337.],0.4559788498256966,0.11371118827506005,0.2848450190503783,0.29216692362673147,False
2,22,-20766.673678730134,[ -23.     6.5   53.  1619. ],[ -3.    4.4  20.  609. ],[-30.    5.8  85.   62. ],[  -4.     3.6   34.  1633. ],[ -9.    2.2  19.  296. ],[ -23.     3.7   88.  1011. ],0.09154070815634187,0.44199716276904644,0.26676893546269415,0.4744356722499955,False
1,22,-2760.167170376954,[  -9.     4.7   88.  1583. ],[ -23.     4.8   93.  1627. ],[-26.    3.3  21.  814. ],[ -11.     6.8   15.  1242. ],[  -7.     2.2   80.  1095. ],[-28.   4.  85. 113.],0.46555565899423057,0.4527727053044092,0.45916418214931987,0.4867658538530894,False
0,23,-12898.72984313196,[ -7.    3.2  79.  974. ],[-22.    6.2  84.  328. ],[-22.    6.2  54.   97. ],[-19.    5.1  94.  857. ],[-27.    6.8  92.  262. ],[  -8.    2.   19. 1445.],0.22087933214796318,0.10547991824286057,0.16317962519541188,0.29216692362673147,False
2,23,-37138.70499562923,[  -4.    6.   76. 1405.],[-38.    5.4  15.   36. ],[-30.    5.6  68.  538. ],[-22.    4.6  93.  513. ],[ -10.     5.7   66.  1958. ],[ -11.     3.9   79.  1919. ],0.11046954336022834,0.09562770122717804,0.10304862229370318,0.4744356722499955,False
7,2,-15108.95097010127,[-2.   4.8 98.  49. ],[-10.    5.7  31.  574. ],[ -20.    5.   17. 1698.],[  -5.     2.5   23.  1996. ],[-29.    2.2  48.  161. ],[-32.    4.8  29.  111. ],0.5464561581761177,0.44035204008096684,0.4934040991285423,0.644493608829555,False
1,23,-1634.0227119320205,[  -6.    5.   77. 1583.],[-16.   6.  44. 596.],[-12.    4.9  42.   22. ],[ -12.     6.4   26.  1933. ],[ -1.    2.8  70.  755. ],[ -23.     6.2   49.  1391. ],0.47014471437572325,0.47070653909181515,0.4704256267337692,0.4867658538530894,False
2,24,-37002.233687456755,[  -8.    4.   70. 1475.],[ -22.    5.   93. 1558.],[-34.    5.3  88.   40. ],[ -28.     5.9   69.  1169. ],[ -6.    2.5  63.  541. ],[-37.    6.2 100.  610. ],0.111041659293942,0.0977850114569139,0.10441333537542795,0.4744356722499955,False
7,3,-48297.98469230214,[ -15.     5.7   99.  1971. ],[ -36.     3.3   82.  1460. ],[-39.    5.1  70.  257. ],[-21.   6.  30. 953.],[ -15.    6.   69. 1502.],[ -8.    3.2  18.  493. ],0.17913366336448933,0.14389386044857777,0.16151376190653355,0.644493608829555,False
0,24,-109.24424951062606,[-15.    5.6  91.  682. ],[ -14.     3.7   26.  1328. ],[  -4.    3.   61. 1414.],[ -29.     2.1   44.  1204. ],[ -11.     3.3   46.  2017. ],[-34.    5.3  59.   60. ],0.45957401382275037,0.12257494844050007,0.2910744811316252,0.29216692362673147,False
1,24,-13506.500332163312,[ -27.     3.5   82.  1753. ],[ -30.     2.6   34.  1193. ],[ -9.    6.9  20.  834. ],[ -20.     4.9   83.  1317. ],[ -16.     3.1   53.  1514. ],[ -33.     6.2   77.  1453. ],0.47196837152231785,0.2314333295405947,0.3517008505314563,0.4867658538530894,False
2,25,-26506.865746855536,[ -31.     4.3   58.  1360. ],[  -4.    6.   86. 1845.],[-21.    6.4  75.  698. ],[ -37.     2.8   49.  1175. ],[ -35.     2.2  100.  1670. ],[ -18.     4.8   66.  1220. ],0.09747856499677046,0.32125546456610987,0.20936701478144015,0.4744356722499955,False
0,25,-1571.5841939412167,[-16.    4.3  48.  406. ],[-29.    4.7  55.  301. ],[ -2.   4.  33. 522.],[-12.    6.6  93.  761. ],[-27.    5.7  99.  142. ],[-13.    6.5  82.  875. ],0.44563896782954737,0.10726319554509126,0.2764510816873193,0.29216692362673147,False
7,4,-21291.111834829346,[ -29.     3.3   62.  1309. ],[-37.   4.  48. 199.],[-20.    4.1  73.  900. ],[  -5.     5.3   98.  1154. ],[ -39.     2.8   61.  1238. ],[-13.    3.3  42.  427. ],0.46125173389478974,0.4019132470677333,0.4315824904812615,0.644493608829555,False
1,25,-32401.34291599745,[ -32.     5.8   21.  1841. ],[-38.    4.5  79.  172. ],[ -25.     3.9  100.  1615. ],[-28.    4.6  33.  688. ],[ -12.     6.5   57.  1426. ],[ -4.   3.  28. 718.],0.1653081419912825,0.16019670739494732,0.1627524246931149,0.4867658538530894,False
7,5,-759.8040461673783,[ -34.     2.1   32.  1846. ],[ -28.     4.4   84.  1893. ],[-12.    2.8  82.  518. ],[-27.   3.  52. 632.],[-37.    4.9  66.  380. ],[  -6.    4.   87. 1302.],0.7634255832199238,0.5103655535158387,0.6368955683678812,0.644493608829555,False
0,26,-11884.7211079728,[ -4.    3.3  70.  737. ],[  -4.     2.2   44.  1871. ],[ -29.     4.5   76.  1339. ],[  -5.     3.1   98.  1128. ],[-32.    3.4  53.  224. ],[ -10.     5.6   65.  1362. ],0.22409565529755654,0.1225437697964504,0.17331971254700346,0.29216692362673147,False
1,26,-14783.62554575553,[ -35.     3.5   37.  1594. ],[ -14.     3.9   41.  1235. ],[ -7.   6.  19. 771.],[ -40.     4.8   59.  1759. ],[  -6.     6.5   36.  1677. ],[-14.   2.  95. 750.],0.4600128416671281,0.21784635512394016,0.3389295983955341,0.4867658538530894,False
2,26,-9600.5504996165,[ -38.    5.   27. 1501.],[ -24.     6.8   17.  1930. ],[  -5.     2.3   43.  1582. ],[  -7.     4.8   58.  2006. ],[  -6.     3.8   22.  1794. ],[ -7.    2.9  59.  256. ],0.32426583250653196,0.432594502001129,0.3784301672538305,0.4744356722499955,False
7,6,-457.6708236263327,[  -5.     6.3   91.  1689. ],[-31.    3.7  73.  582. ],[ -4.    4.9  65.  488. ],[ -19.     3.5   38.  1763. ],[-11.    4.5 100.  344. ],[ -30.     6.2   31.  1588. ],0.7997168488851361,0.48011695230144713,0.6399169005932916,0.644493608829555,False
2,27,-21495.648501220556,[ -9.    4.1  36.  546. ],[  -5.     5.1   67.  1463. ],[-14.    3.1  27.   83. ],[ -34.     6.7   18.  1466. ],[-15.   7.  23. 975.],[ -36.     3.6   72.  1121. ],0.42242389217018994,0.09653448230539001,0.25947918723778995,0.4744356722499955,False
1,27,-8313.811944936095,[-29.    4.6  44.  726. ],[-10.    2.4  69.  964. ],[ -8.    3.6  36.  495. ],[ -2.    4.8  54.  527. ],[ -19.     2.6   58.  1431. ],[ -39.     6.4   67.  1650. ],0.3211900499883363,0.4860654188191206,0.40362773440372846,0.4867658538530894,False
0,27,-774.4573977416347,[-11.    5.1  44.  914. ],[ -25.    3.   96. 1559.],[ -7.    5.1  51.  574. ],[ -30.    7.   20. 1733.],[ -35.     4.3   63.  1281. ],[-40.    6.8  15.  607. ],0.45518517553107757,0.11365952376755267,0.2844223496493151,0.29216692362673147,False
7,7,-44228.40400150876,[-40.    4.4  74.  409. ],[ -24.    4.   69. 1077.],[ -33.     6.2   23.  1635. ],[-29.    3.6  55.  881. ],[  -2.     6.9   78.  1035. ],[  -3.     4.2   43.  1851. ],0.14359856936134802,0.2608205682675867,0.20220956881446736,0.644493608829555,False
0,28,-14979.013499142202,[ -27.     5.7   86.  1574. ],[-21.    6.6  80.  616. ],[-38.    3.4  90.  634. ],[-13.    2.9  66.  462. ],[-40.    5.6  94.  124. ],[  -6.     3.1   73.  1741. ],0.1630669010820293,0.12168667618858964,0.14237678863530945,0.29216692362673147,False
1,28,-22993.861596056664,[-27.   5.  86. 657.],[ -13.     6.2   16.  1397. ],[-13.    5.1  30.   99. ],[ -19.     6.6   26.  1884. ],[  -3.     2.6   63.  1498. ],[-39.    3.9  56.  968. ],0.2967341751253808,0.21692030065966472,0.25682723789252276,0.4867658538530894,False
2,28,-6737.557526823368,[-19.    6.5  42.  443. ],[-37.    5.7  31.  128. ],[ -26.     2.9   65.  1607. ],[ -1.    5.7  39.  730. ],[  -9.     6.6   16.  1986. ],[  -6.     3.1   55.  1138. ],0.3909909694197332,0.4231292245437904,0.4070600969817618,0.4744356722499955,False
1,29,-12931.201127570024,[ -36.     3.5   96.  1323. ],[-14.   7.  36. 841.],[-28.   3.  15. 472.],[ -36.     3.1   41.  1867. ],[ -25.     4.2   18.  1438. ],[-40.   4.  83. 524.],0.41170886783531035,0.30319881731946796,0.35745384257738916,0.4867658538530894,False
2,29,-19589.336269508156,[ -25.     2.9   99.  1338. ],[-11.    2.2  88.  251. ],[ -19.     4.1   27.  1895. ],[ -26.     4.4   63.  1564. ],[  -9.     3.5   31.  1778. ],[ -38.     4.3   44.  1325. ],0.45738542228960155,0.0996991968202263,0.27854230955491394,0.4744356722499955,False
7,8,-35106.38863973566,[ -2.    4.6  72.  428. ],[-36.    6.7  22.   53. ],[ -18.     6.8   70.  1282. ],[-11.    2.4  81.  214. ],[  -2.     5.4   68.  1893. ],[ -9.   6.  24. 978.],0.18966838202111655,0.3971910628432801,0.29342972243219834,0.644493608829555,False
0,29,-6932.98829435019,[-19.    6.6  19.  300. ],[  -9.     2.6   60.  1530. ],[-23.    2.2  19.  644. ],[  -5.     6.8   88.  1468. ],[-22.    2.6  30.  275. ],[ -30.     5.4   17.  1862. ],0.3238856581748993,0.12178842319155983,0.22283704068322957,0.29216692362673147,False
1,30,-21690.714179793908,[-11.    4.7  70.   57. ],[-30.    4.6  23.   73. ],[ -20.     4.1   51.  1418. ],[-37.    6.6  88.  376. ],[-29.    5.2  47.  512. ],[-13.    5.4  75.  537. ],0.3740198125214424,0.16569761158885826,0.26985871205515033,0.4867658538530894,False
7,9,-31948.867152507497,[ -36.     3.6   49.  1700. ],[-5.  3. 32. 73.],[ -16.     5.8   72.  1898. ],[-20.    4.7  40.  297. ],[-33.    2.6  57.  129. ],[ -1.    4.1  72.  183. ],0.30202441101088134,0.3479854635980787,0.32500493730448,0.644493608829555,False
2,30,-3971.878147390695,[ -4.   3.  85. 612.],[ -35.    7.   96. 1809.],[ -9.    4.1  34.  797. ],[  -7.    4.   71. 1418.],[-40.   4.  80. 742.],[ -16.     5.7   72.  1107. ],0.4065117663505584,0.46292201520161874,0.43471689077608855,0.4744356722499955,False
0,30,-718.2301703705651,[-35.    2.6  92.  956. ],[-22.    5.5  87.  524. ],[  -6.    2.   90. 1173.],[ -19.     3.7   82.  1591. ],[-24.    2.3  43.  646. ],[-26.    4.7  15.  190. ],0.44923761416907393,0.1207316296769777,0.2849846219230258,0.29216692362673147,False
0,31,-3693.4891539590285,[ -33.     2.5   95.  1587. ],[  -7.     3.4   65.  1242. ],[ -19.     4.6   25.  2014. ],[-30.    6.1  25.  574. ],[ -24.     3.4   73.  1871. ],[-21.    2.4  91.  711. ],0.39747693707685483,0.11298712709742748,0.2552320320871412,0.29216692362673147,False
7,10,-19528.341913664975,[ -25.     4.6   27.  1742. ],[ -28.    5.   45. 1745.],[ -14.     5.9   38.  1655. ],[  -8.     4.7   83.  1213. ],[-21.    5.8  60.  665. ],[ -40.     4.2   45.  1057. ],0.5029896887601272,0.39543069062568326,0.4492101896929052,0.644493608829555,False
1,31,-6486.680866415933,[ -8.    4.4  68.  731. ],[  -9.     4.4   83.  1765. ],[-15.    3.1  37.  176. ],[-30.   3.  75. 494.],[ -22.     2.7   80.  1140. ],[-32.    2.1  70.  615. ],0.47300057840450305,0.37079751197335703,0.42189904518893007,0.4867658538530894,False
2,31,-9706.990236154761,[ -28.     5.5   51.  1296. ],[ -32.     6.7   93.  1220. ],[  -4.    4.   66. 1650.],[ -9.    4.2  45.  874. ],[-16.    3.3  22.  175. ],[ -4.    3.1  54.  170. ],0.3243971838264303,0.4303343559504655,0.3773657698884479,0.4744356722499955,False
2,32,-37264.30552912098,[-36.    2.8  15.  132. ],[-32.    6.8  45.  899. ],[-30.    4.2  21.  691. ],[ -29.     5.9   56.  1365. ],[  -8.     4.8   95.  1496. ],[ -8.    2.3  94.  803. ],0.11566328211311552,0.0879219518044558,0.10179261695878566,0.4744356722499955,False
7,11,-15615.120663828042,[ -6.    3.7  22.  603. ],[ -32.     6.5   78.  1496. ],[ -16.     4.4   88.  2010. ],[ -6.    5.8  69.  188. ],[ -26.     4.1   97.  1854. ],[-24.    2.3  65.  164. ],0.5749242867324562,0.4017605176500929,0.48834240219127456,0.644493608829555,False
0,32,-793.911334606573,[ -21.     4.6   70.  1641. ],[-31.    6.6  78.  992. ],[ -2.    6.9  84.  669. ],[-3.   3.4 28.  43. ],[ -28.     6.6   36.  1698. ],[-17.    6.1  39.   69. ],0.44682521455432755,0.12163040600700388,0.28422781028066574,0.29216692362673147,False
1,32,-17683.965531036254,[  -4.     5.6   15.  1776. ],[-33.   5.  75. 506.],[-17.    2.1  64.  647. ],[ -17.     6.8   39.  1108. ],[-40.    3.1  55.  417. ],[-12.    6.6  85.  724. ],0.46005405495705537,0.15979834212839827,0.30992619854272685,0.4867658538530894,False
7,12,-19688.91226919491,[ -23.     4.7   31.  1018. ],[ -36.     6.4  100.  1759. ],[ -10.     3.7   59.  1169. ],[-35.    6.9  52.  462. ],[ -34.     2.1   64.  1976. ],[ -22.     4.4   22.  1654. ],0.7752967679385577,0.11991220433665409,0.4476044861376059,0.644493608829555,False
2,33,-24465.784718804905,[-31.    4.2  25.  578. ],[ -12.     6.4   71.  1913. ],[-10.    2.8  79.  111. ],[ -18.    6.   82. 1081.],[-39.   4.  18. 678.],[-18.    2.2  64.  551. ],0.35641838287162947,0.10313726725226342,0.22977782506194644,0.4744356722499955,False
0,33,-12046.045172725977,[-14.    3.2  16.  792. ],[ -25.    6.   31. 1982.],[ -20.     6.4   79.  1148. ],[ -28.     2.6   37.  1350. ],[ -37.     3.1   50.  1262. ],[-33.    6.1  62.  146. ],0.22170552182011427,0.12170742197882908,0.1717064718994717,0.29216692362673147,False
1,33,-14135.625099520794,[ -10.     5.8   20.  1227. ],[ -3.    3.4  28.  237. ],[-26.    2.6  27.  226. ],[ -21.     5.3   72.  1488. ],[ -18.     6.7  100.  1279. ],[ -39.     2.3   94.  1663. ],0.4709501959275997,0.21986900978816332,0.34540960285788147,0.4867658538530894,False
7,13,-9982.086810063407,[-40.    3.5  49.  587. ],[-24.    4.8  73.  960. ],[ -35.     2.1   96.  1117. ],[-11.    3.2  81.  734. ],[ -19.     4.3   81.  1585. ],[ -16.     3.3   52.  1294. ],0.6488734752202303,0.4404720062376114,0.5446727407289209,0.644493608829555,False
1,34,-17301.872511364465,[-35.    2.6  76.  192. ],[ -7.    3.8  72.  733. ],[ -13.     6.4   23.  1327. ],[ -30.     5.2   23.  1534. ],[-37.   2.  69. 515.],[-20.    3.5  97.  429. ],0.4109282266879022,0.2165660307909873,0.31374712873944477,0.4867658538530894,False
0,34,-10218.697532112834,[-15.    5.3  51.  754. ],[-17.    3.2  22.  515. ],[ -22.     4.5   43.  1733. ],[-18.    2.3  15.  556. ],[ -12.     5.3   90.  1147. ],[-38.    5.8  30.  366. ],0.25752176826906786,0.12243812834213842,0.18997994830560314,0.29216692362673147,False
2,34,-8136.121409220259,[ -40.    6.   31. 1357.],[  -4.    4.   32. 1862.],[ -4.    3.6  98.  722. ],[ -3.    3.5  67.  539. ],[ -29.     6.5   87.  1332. ],[ -12.     6.8   64.  1744. ],0.336878320258057,0.44927059605752884,0.3930744581577929,0.4744356722499955,False
0,35,-10157.85585707443,[ -40.    7.   82. 1842.],[-15.    2.4  17.  379. ],[ -27.     3.8   15.  1585. ],[-34.   7.  26. 658.],[ -29.     5.8   39.  1286. ],[ -31.     3.8   50.  1674. ],0.2684169423821769,0.11275978772979744,0.19058836505598717,0.29216692362673147,False
7,14,-33417.72862318348,[ -4.   4.  77. 787.],[ -12.     6.1   90.  1042. ],[-36.    4.4  62.   79. ],[ -11.    4.   53. 1986.],[ -29.     3.6   53.  1196. ],[-15.   7.  89. 322.],0.1786491834978109,0.4419834616976295,0.3103163225977202,0.644493608829555,False
2,35,-31.876549028475587,[ -31.     2.3   75.  1275. ],[ -12.     6.9   87.  1391. ],[ -15.     2.7   76.  1732. ],[ -3.    5.3  47.  320. ],[-1.000e+00  5.500e+00  4.100e+01  1.431e+03],[ -8.    2.1  68.  690. ],0.44452646311085325,0.5037073504085683,0.47411690675971074,0.4744356722499955,False
1,35,-16020.389724634886,[-19.    6.5  98.   72. ],[ -7.   2.  77. 943.],[ -40.     5.4   34.  1584. ],[  -8.     4.6   53.  1508. ],[ -19.     3.4   60.  1547. ],[-10.    6.4  32.  962. ],0.16757767208009305,0.485546241133388,0.32656195660674053,0.4867658538530894,False
7,15,-34226.61515507884,[-31.    2.9  64.  466. ],[-38.    5.9  32.  100. ],[-28.    4.1  86.  221. ],[ -15.     2.3   45.  1041. ],[-19.    6.5 100.  935. ],[ -23.     6.3   96.  1962. ],0.20898862692528797,0.3954662876322451,0.30222745727876654,0.644493608829555,False
0,36,-12840.486835106623,[-10.    6.5  72.  537. ],[-27.    4.7  96.  886. ],[-23.    5.2  48.  179. ],[-23.    5.2  37.  672. ],[-39.    5.8  50.  612. ],[ -10.     6.7   35.  1276. ],0.22135933611997602,0.10616477443135441,0.16376205527566523,0.29216692362673147,False
1,36,-16348.686577970251,[ -11.     4.9   50.  1213. ],[ -21.     5.5   32.  1047. ],[ -27.     6.1   50.  1145. ],[ -8.    3.5  38.  708. ],[-16.    6.7  76.  628. ],[-22.    5.1  18.  652. ],0.2243811747113561,0.4221768014354177,0.3232789880733869,0.4867658538530894,False
2,36,-7563.101458562038,[-34.    4.6  95.  627. ],[ -16.     3.8   42.  1306. ],[ -21.    2.   31. 1013.],[  -6.     2.1   19.  1667. ],[ -18.     6.6   78.  1785. ],[-14.    2.2  67.   31. ],0.3374217357390766,0.4601875795896737,0.3988046576643751,0.4744356722499955,False
0,37,-1535.205094027342,[ -15.     4.7   80.  1211. ],[-34.    3.9  83.  694. ],[-7.  5. 98. 23.],[ -25.     5.5   59.  1561. ],[  -5.     2.9   16.  1243. ],[-21.    2.3  64.   87. ],0.4476445900406636,0.10598515533225253,0.27681487268645805,0.29216692362673147,False
7,16,-19821.125008509098,[ -3.    3.7  29.  807. ],[-12.    2.7  98.  893. ],[ -18.     2.7   26.  1196. ],[-35.    3.6  82.  899. ],[-18.    6.9  73.  943. ],[ -23.     5.4   57.  1743. ],0.7563049579666103,0.13625975952231767,0.446282358744464,0.644493608829555,False
1,37,-16535.264132772576,[-13.    5.4  22.  255. ],[-18.    6.8  77.  691. ],[ -6.    4.3  40.  899. ],[-16.    5.8  66.  771. ],[-34.    3.3  80.  874. ],[-19.    5.6  61.  687. ],0.45997959290090606,0.18284683214982123,0.32141321252536365,0.4867658538530894,False
2,37,-17887.540116770993,[-40.    2.1  78.  866. ],[-18.    3.9  46.  823. ],[ -40.     5.6   79.  1592. ],[  -9.     4.9   60.  1090. ],[ -3.   6.  49. 247.],[ -33.     3.4   68.  1322. ],0.11076285942744193,0.4803576827371292,0.29556027108228555,0.4744356722499955,False
0,38,-13473.40226924284,[ -32.     4.1   20.  1052. ],[-37.    2.9  45.  103. ],[-19.    6.4  56.  709. ],[-26.    3.7  77.  133. ],[ -32.    7.   86. 1445.],[ -29.     3.6   26.  1284. ],0.20176608839022658,0.11309971347837958,0.15743290093430307,0.29216692362673147,False
7,17,-35175.435724462615,[ -15.     5.9   50.  1284. ],[-26.    6.6  37.  427. ],[-33.   7.  56. 363.],[ -14.     5.1   99.  1195. ],[ -7.    4.3  66.  649. ],[ -36.     3.3   15.  1157. ],0.18465131706620289,0.4008271861036547,0.2927392515849288,0.644493608829555,False
2,38,-18185.324305727197,[ -26.     3.4   32.  1463. ],[ -24.     2.3   22.  1386. ],[-30.    4.6  62.  648. ],[ -12.     2.6   90.  1338. ],[ -26.     2.7   58.  1324. ],[ -23.     5.6   36.  1509. ],0.11057223887751655,0.4745926195079305,0.29258242919272354,0.4744356722499955,False
1,38,-26474.920723041734,[-12.   3.  16. 621.],[-34.    3.1  35.  555. ],[ -23.     5.3   88.  1361. ],[-20.   7.  27. 234.],[ -9.    6.8  97.  883. ],[ -17.     4.3   47.  1368. ],0.22697476265991232,0.21705853058543184,0.22201664662267206,0.4867658538530894,False
2,39,-17625.064034569867,[ -30.     3.2   72.  1287. ],[-21.    3.9  67.  438. ],[-28.    5.3  34.  787. ],[ -23.    2.   50. 1610.],[ -32.     6.1   98.  1189. ],[ -2.   4.  73. 430.],0.10409703317315999,0.4922730306354337,0.29818503190429685,0.4744356722499955,False
7,18,-45382.87103378667,[-38.    3.6  19.  882. ],[-19.   6.  45. 200.],[ -36.     3.5   38.  1243. ],[ -40.     5.3  100.  1349. ],[ -1.    2.6  47.  701. ],[ -38.     3.1   60.  1077. ],0.25169455121933976,0.12963524576403673,0.19066489849168824,0.644493608829555,False
0,39,-10099.183362320397,[ -9.    4.7  36.  713. ],[ -7.    3.7  75.  956. ],[ -29.     3.3   92.  1921. ],[-30.    4.5  58.  297. ],[ -34.     2.7   57.  1868. ],[ -29.     3.6   87.  1784. ],0.26886177147491613,0.11348840853213886,0.1911750900035275,0.29216692362673147,False
1,39,-14918.270464257366,[ -20.    6.   36. 1237.],[ -7.    2.3  79.  294. ],[ -27.     6.8   55.  1769. ],[ -19.     2.7   32.  1779. ],[-27.    6.1  79.  864. ],[ -17.     6.1   62.  1546. ],0.1910374673094014,0.4841288311116301,0.33758314921051574,0.4867658538530894,False
0,40,-12405.580371504666,[ -13.     3.9   77.  1881. ],[ -35.     2.7   89.  1078. ],[ -36.    4.   74. 1089.],[-17.    6.3  90.  636. ],[ -39.     3.5   78.  1976. ],[-34.    2.1  28.  691. ],0.22336497697999658,0.11285726284337302,0.16811111991168481,0.29216692362673147,False
2,40,-8662.413727335334,[  -8.     5.3   24.  1429. ],[-22.    4.7  75.  327. ],[-32.    2.8  91.  371. ],[-16.   5.  24. 164.],[ -13.     4.7   46.  1261. ],[-24.    4.5  57.  670. ],0.24081819696429474,0.5348048729889896,0.38781153497664217,0.4744356722499955,False
7,19,-43175.22885671812,[ -21.     3.6   82.  1209. ],[ -34.     3.4   40.  1988. ],[ -23.     5.8   90.  1174. ],[ -17.     5.2   88.  1911. ],[ -24.     5.9   61.  1661. ],[-1.000e+00  4.300e+00  3.800e+01  1.504e+03],0.17816738014347172,0.24731526038127594,0.21274132026237383,0.644493608829555,False
1,40,-23029.52451284735,[-14.    2.6  48.  748. ],[  -5.     2.3   38.  1384. ],[ -21.     4.4   50.  1113. ],[ -28.    7.   77. 1417.],[-22.    2.8  54.  987. ],[ -37.     2.5   19.  1613. ],0.29422589575447666,0.21871532169475516,0.2564706087246159,0.4867658538530894,False
7,20,-23806.43703737405,[  -8.     6.5   68.  1758. ],[ -37.     6.3   72.  1531. ],[ -19.     3.7   77.  1526. ],[ -19.     5.5   77.  1718. ],[ -39.     3.4   68.  1408. ],[ -10.     6.8   36.  1203. ],0.6734008560756847,0.1394576208359442,0.40642923845581447,0.644493608829555,False
0,41,-11808.66693521167,[  -9.     2.7   22.  1205. ],[ -4.    5.7  38.  776. ],[ -38.     4.1   58.  1825. ],[  -7.     6.6   52.  1760. ],[-26.    2.1  59.  548. ],[ -23.     6.9   91.  1449. ],0.2258347178028028,0.12232579074642677,0.17408025427461477,0.29216692362673147,False
2,41,-3093.104616934084,[ -15.     6.6   86.  1686. ],[ -37.     2.9   83.  1491. ],[  -3.     5.3   46.  1870. ],[ -6.    6.9  37.  211. ],[-31.    6.2  58.  552. ],[-28.    4.1  27.  918. ],0.4210881966169352,0.4659210555443741,0.44350462608065466,0.4744356722499955,False
1,41,-22316.063657364244,[  -9.     4.5   65.  1914. ],[ -23.     6.8   55.  1236. ],[ -23.     5.4   92.  1574. ],[ -4.    4.1  31.  558. ],[ -17.     2.3   78.  1472. ],[ -18.     6.7   18.  1749. ],0.22674742138867449,0.30046301317021945,0.26360521727944697,0.4867658538530894,False
2,42,-18177.552815767074,[ -11.    5.   46. 1978.],[-12.    6.2  30.  549. ],[ -16.     3.3   82.  1274. ],[-25.    4.6  23.   42. ],[ -6.    6.4  59.  938. ],[-22.    5.1  40.  559. ],0.4445625578457809,0.14075773033886857,0.29266014409232477,0.4744356722499955,False
7,21,-32762.715099361718,[ -10.     6.1   76.  1398. ],[-15.    3.3  61.  816. ],[-21.    5.6  69.  954. ],[-25.   3.  23. 972.],[-33.    6.2  51.  492. ],[ -38.     2.9   20.  1636. ],0.18827674123998447,0.4454561744318911,0.3168664578359378,0.644493608829555,False
1,42,-249.26390135405762,[-28.   3.  16. 289.],[ -20.     2.2   77.  1831. ],[-1.000e+00  2.300e+00  4.200e+01  1.201e+03],[ -10.     3.3   88.  1853. ],[-36.    5.8  88.   67. ],[ -37.     4.8   85.  1361. ],0.4735780731673599,0.49496835651173776,0.4842732148395488,0.4867658538530894,False
0,42,-586.5735661750915,[  -2.     5.8   87.  1206. ],[-22.    2.8  42.  188. ],[  -3.     3.9   83.  1773. ],[-11.    6.6  80.   70. ],[-29.    4.4  27.  641. ],[-38.    6.1  26.  826. ],0.4560487352031918,0.11655364072676933,0.28630118796498055,0.29216692362673147,False
2,43,-752.0185825045266,[ -17.     5.9   67.  2004. ],[-13.    3.8  69.  508. ],[ -16.     4.5   26.  1185. ],[ -15.     2.5   35.  1001. ],[ -6.    5.8  97.  891. ],[ -21.     6.4   74.  1745. ],0.47031271293750776,0.4635182599123927,0.46691548642495023,0.4744356722499955,False
7,22,-35526.16474052798,[-31.    5.4  94.  493. ],[  -3.     3.5   97.  1622. ],[  -7.     4.1   32.  1275. ],[ -39.     4.3   65.  1542. ],[-21.    3.5  72.   51. ],[ -39.     3.1   81.  1685. ],0.4460375126545796,0.1324264101939707,0.28923196142427515,0.644493608829555,False
0,43,-1631.4557264422879,[ -9.    2.6  34.  150. ],[-40.    5.4  41.  547. ],[-16.    2.7  17.  637. ],[-23.    5.4  56.  738. ],[ -32.     3.5   30.  1086. ],[-20.    2.8  51.  365. ],0.44606859175765706,0.10563614096696006,0.2758523663623086,0.29216692362673147,False
1,43,-27704.227085746086,[ -36.     3.7   38.  1614. ],[ -2.   5.  96. 210.],[-38.   4.  88. 610.],[-33.    4.7  83.  868. ],[-25.    6.9  40.  530. ],[-34.    6.2  89.  906. ],0.20373942991737298,0.21570773607388408,0.20972358299562854,0.4867658538530894,False
0,44,-12338.315466469992,[ -6.    2.2  61.  676. ],[-40.    5.1  61.  941. ],[-31.    6.8  99.   65. ],[-23.    3.6  70.  957. ],[-17.    6.3  33.  190. ],[ -20.     5.5   78.  1377. ],0.22135563836136402,0.11621189956269908,0.16878376896203154,0.29216692362673147,False
7,23,-21098.79093886674,[ -31.    3.   80. 1509.],[-40.    5.8  84.  551. ],[-10.    4.6  46.  788. ],[-35.    5.3  39.  292. ],[ -36.     5.8   99.  1093. ],[-26.   5.  96. 870.],0.7484966645533043,0.11851473432847082,0.43350569944088757,0.644493608829555,False
1,44,-26429.826325712624,[ -23.    2.   73. 1283.],[-15.    4.2  69.  411. ],[-39.    4.2  71.  466. ],[-36.    4.7  70.   49. ],[ -22.     3.6   83.  1973. ],[-19.    2.2  15.  162. ],0.22636717315557675,0.21856800803634963,0.2224675905959632,0.4867658538530894,False
2,44,-6766.672972706245,[ -24.     5.3   93.  1897. ],[-33.   2.  57. 220.],[ -4.   2.  24. 689.],[-15.    2.9  58.  841. ],[ -35.     2.1   86.  1970. ],[ -15.     5.2   19.  1745. ],0.35440700107260226,0.45913088397326385,0.40676894252293305,0.4744356722499955,False
0,45,-145.86344383240024,[ -8.    3.3  15.  328. ],[ -18.    5.   79. 1314.],[-19.    3.3  26.  583. ],[ -23.    3.   68. 1826.],[ -3.    6.1  35.  143. ],[-24.   7.  92.  30.],0.45896308001887315,0.12245349835794178,0.29070828918840746,0.29216692362673147,False
2,45,-28646.343380336435,[-37.    3.3  41.  313. ],[-19.    3.9  79.  761. ],[-35.    3.6  69.  259. ],[-23.    4.7  21.  427. ],[  -3.     4.1   52.  1789. ],[ -26.    3.   30. 1711.],0.11666277796557013,0.2592816989276922,0.18797223844663116,0.4744356722499955,False
7,24,-30794.114916475777,[ -10.    5.   75. 1857.],[ -35.     2.5   60.  1581. ],[-37.    4.5  92.  656. ],[-39.    2.2  72.  279. ],[  -3.     2.5   50.  1395. ],[  -9.     5.4   29.  1299. ],0.18664810430433876,0.4864568150252556,0.3365524596647972,0.644493608829555,False
1,45,-22590.98107273958,[-35.    4.5  74.  256. ],[ -33.     3.4   45.  1534. ],[  -6.     2.4   39.  1571. ],[ -25.     4.7   27.  1136. ],[ -19.    7.   96. 1586.],[-27.    5.7  57.  341. ],0.2811875993734374,0.24052448687794983,0.2608560431256936,0.4867658538530894,False
2,46,-22.039864986578284,[  -4.     5.4   40.  1988. ],[ -38.     2.8   53.  1661. ],[ -26.     2.8   88.  1449. ],[ -4.    3.7  55.  175. ],[ -9.   2.  41. 100.],[  -9.     2.4   84.  1920. ],0.45182558827222297,0.4966049589280365,0.4742152736001297,0.4744356722499955,False
1,46,-14311.859406303402,[  -4.     4.9   40.  1046. ],[-23.    4.3  40.  811. ],[-19.   2.  57. 734.],[-28.    5.2  23.  570. ],[ -25.     5.8   58.  1191. ],[ -35.     6.1   90.  1580. ],0.4701767621530416,0.21711775742706924,0.3436472597900554,0.4867658538530894,False
0,46,-12112.859182985323,[-14.    3.7  39.  726. ],[-23.    5.5  45.  304. ],[ -22.     6.5   18.  1088. ],[-23.    3.1  93.  766. ],[ -17.     6.2   89.  1952. ],[ -33.     4.8   52.  1979. ],0.22082531888107937,0.12125134471267711,0.17103833179687825,0.29216692362673147,False
7,25,-19594.79758098943,[ -15.     2.3   34.  2012. ],[ -4.    6.7  28.  596. ],[ -3.    2.8  81.  870. ],[ -30.     5.8   68.  1540. ],[-31.    3.5  55.  231. ],[ -30.     3.2   96.  1876. ],0.7634328541910007,0.13365841184832056,0.44854563301966066,0.644493608829555,False
0,47,-15004.289251814502,[-31.    6.4  82.  759. ],[-25.    3.8  17.  904. ],[-24.    5.9  43.  411. ],[ -3.    3.4  58.  645. ],[-36.    6.3  95.  317. ],[-20.    6.1  81.   44. ],0.1625798016834158,0.12166826053375711,0.14212403110858646,0.29216692362673147,False
1,47,-29434.60791525272,[ -8.    6.4  98.  802. ],[ -37.     5.6   47.  1956. ],[ -30.     6.9  100.  1446. ],[-22.   7.  24. 205.],[-11.    4.1  70.  516. ],[ -18.    7.   68. 1649.],0.22565505127505692,0.1591844981260675,0.1924197747005622,0.4867658538530894,False
7,26,-560.9367132485277,[  -5.     6.3   18.  1208. ],[ -38.     2.5   50.  1566. ],[ -37.     2.1   66.  1648. ],[-18.    2.1  24.  135. ],[  -3.     6.7   81.  1998. ],[-23.    4.5  51.  329. ],0.8069199116833754,0.4708485717107639,0.6388842416970697,0.644493608829555,False
2,47,-2926.496684618651,[ -20.     4.4   74.  1625. ],[ -27.     4.9   77.  1618. ],[ -8.    4.3  16.  804. ],[-16.    3.2  95.  180. ],[-12.    5.4  99.   84. ],[-38.    5.4  95.  877. ],0.4170829562609677,0.4732584545466503,0.445170705403809,0.4744356722499955,False
2,48,-35047.328227842496,[ -13.     5.9   68.  1833. ],[ -23.     2.9   44.  1629. ],[ -18.     4.9   89.  1030. ],[ -36.     3.1   65.  1135. ],[-23.    5.7  69.  169. ],[  -7.     2.6   93.  1808. ],0.11833415646797465,0.12959062347516648,0.12396238997157057,0.4744356722499955,False
7,27,-48212.78220197226,[ -1.    2.7  51.  894. ],[-11.    4.8  53.  697. ],[-32.    6.7  94.  335. ],[ -19.     5.7   95.  1851. ],[-11.    3.6  86.   72. ],[ -31.     4.9   27.  1394. ],0.18681436538184465,0.13791720823782005,0.16236578680983235,0.644493608829555,False
1,48,-10464.586240252032,[ -21.     5.8   78.  1012. ],[ -23.     4.1   69.  1152. ],[ -20.     4.1   64.  1356. ],[ -20.     3.8   18.  1613. ],[-16.    2.5  44.  667. ],[  -4.     3.3   26.  1165. ],0.27875033736257404,0.48548964553856416,0.3821199914505691,0.4867658538530894,False
0,48,-14585.82039155939,[-25.    5.2  99.  952. ],[-15.    5.7  44.  407. ],[-39.   5.  61. 945.],[ -13.     2.3   73.  1281. ],[-13.    3.9  91.  905. ],[ -22.     2.9   23.  1315. ],0.1708386280825193,0.12177881133975588,0.14630871971113757,0.29216692362673147,False
7,28,-18988.04160480636,[-15.    4.9  24.   66. ],[-1.000e+00  4.400e+00  9.300e+01  1.695e+03],[ -33.     2.8   89.  1287. ],[  -8.     3.3   97.  1696. ],[-30.    5.3  94.  292. ],[-38.    2.2  43.  482. ],0.4609556444330173,0.44827074112996546,0.45461319278149137,0.644493608829555,False
2,49,-28819.712405695507,[ -21.     6.7   90.  1798. ],[ -25.     4.8   58.  1928. ],[ -38.     4.4   98.  1520. ],[ -14.     6.3   43.  1437. ],[-23.    2.9  78.  856. ],[ -10.     5.5   70.  1411. ],0.09624959054836606,0.2762275058377148,0.18623854819304045,0.4744356722499955,False
0,49,-617.8680354560096,[ -9.    4.6  86.  343. ],[ -20.     2.1   54.  1342. ],[  -4.     6.5   39.  1507. ],[ -21.     4.3   97.  1431. ],[ -8.    3.7  56.  475. ],[ -28.    3.   85. 1248.],0.45817340458331773,0.11380308196102505,0.28598824327217137,0.29216692362673147,False
1,49,-1322.1031630949399,[ -23.     4.7   82.  1906. ],[ -5.    6.9  87.  630. ],[-18.   2.  90. 759.],[-30.    2.2  40.   30. ],[  -3.     4.8   83.  1719. ],[ -37.     5.7   64.  1835. ],0.45727413826000035,0.4898155061842796,0.47354482222214,0.4867658538530894,False
2,50,216.09507765240065,[-26.    3.3  41.  502. ],[ -18.     2.1   16.  1971. ],[ -1.    4.3  35.  882. ],[ -14.     5.5   34.  1763. ],[-18.    5.9  86.  150. ],[-33.    3.4  17.  754. ],0.4239211395321158,0.5292721065209232,0.4765966230265195,0.4744356722499955,False
0,50,-11598.088221648935,[-12.    4.7  76.  415. ],[ -40.     6.1   41.  1572. ],[-35.   3.  96. 237.],[-39.    6.7  17.  945. ],[-38.    5.7  81.  160. ],[ -16.     2.7   85.  1308. ],0.24695849019190302,0.10541359262858117,0.1761860414102421,0.29216692362673147,False
7,29,-53.97338529659068,[ -4.   7.  41. 763.],[ -19.     4.1   75.  1258. ],[-14.    3.3  55.  226. ],[ -8.    5.8  66.  125. ],[ -5.    3.5  26.  830. ],[ -30.     5.5   42.  1742. ],0.801807218979953,0.48610053097322514,0.6439538749765891,0.644493608829555,False
1,50,-12324.125134182379,[ -2.   2.  23. 155.],[  -8.     4.9   51.  1326. ],[-35.    3.5  38.  218. ],[ -9.    2.7  82.  498. ],[-35.    5.2  90.  868. ],[-32.    5.3  76.  898. ],0.2336909032522062,0.493358301770325,0.3635246025112656,0.4867658538530894,False
0,51,-907.0185905365014,[  -6.     4.8   67.  1257. ],[-39.   7.  73. 308.],[ -14.     2.9   15.  1727. ],[-33.    3.1  27.  971. ],[ -40.     4.5   25.  1379. ],[ -31.    5.   27. 1780.],0.4459523501644824,0.12024112527825045,0.28309673772136645,0.29216692362673147,False
7,30,-18327.869232903842,[ -39.     4.2   41.  1754. ],[-23.    4.8  56.  676. ],[ -25.     2.6   26.  1438. ],[  -5.     2.5   31.  1965. ],[ -14.     2.8   93.  1851. ],[-16.    6.5  93.  830. ],0.4665844061469451,0.455845426854088,0.46121491650051655,0.644493608829555,False
2,51,-36273.23576647181,[-36.   2.  60. 386.],[-7.  4. 39. 29.],[ -25.     4.8   62.  1757. ],[ -27.     4.1   47.  1302. ],[-23.    3.5  70.  611. ],[ -34.     2.1   19.  1940. ],0.11062184886054055,0.1127847803100143,0.11170331458527742,0.4744356722499955,False
1,51,-17466.83957109188,[-22.    3.7  26.  121. ],[ -32.     4.6   80.  1312. ],[-31.    2.8  30.  317. ],[ -29.     3.7   86.  1720. ],[-37.    5.8  35.  192. ],[ -32.     4.2   39.  1373. ],0.4575517103302533,0.16664320595408794,0.3120974581421706,0.4867658538530894,False
7,31,-10210.087102961674,[ -4.    6.2  85.  345. ],[-1.000e+00  4.000e+00  7.800e+01  1.817e+03],[ -32.     2.8   17.  1007. ],[-35.   3.  60. 950.],[ -30.     3.6   82.  1471. ],[ -29.     5.8   42.  1510. ],0.7634606674697106,0.32132480813016584,0.5423927377999382,0.644493608829555,False
2,52,-16415.479494727366,[ -34.     2.7   83.  1463. ],[-36.    5.8  29.  768. ],[ -14.     6.4   79.  1655. ],[ -15.     4.5   36.  1600. ],[ -1.    6.2  56.  164. ],[ -1.    3.1  37.  455. ],0.11882507220199644,0.5017366824034473,0.31028087730272186,0.4744356722499955,False
1,52,-23162.318260369997,[-25.   6.  41. 271.],[-19.    5.6  35.  364. ],[-22.    2.4  89.  417. ],[ -32.    4.   28. 1789.],[  -7.    4.   73. 1478.],[ -16.     4.9   34.  1296. ],0.2801228891700929,0.23016245332868596,0.25514267124938944,0.4867658538530894,False
0,52,-187.75429588455683,[-17.   5.  16. 756.],[  -2.     3.8   18.  1469. ],[-22.    2.5  50.  799. ],[ -35.     2.7   16.  1066. ],[ -24.     4.8   36.  1389. ],[ -23.     3.6   73.  1365. ],0.4579695132544945,0.12260924808127734,0.2902893806678859,0.29216692362673147,False
2,53,-3483.9387837748204,[ -20.     4.5   85.  1388. ],[-19.    6.8  20.  523. ],[ -6.   6.  59. 692.],[ -13.     2.7   47.  1410. ],[ -14.     2.1   19.  1803. ],[ -30.     5.9   81.  1885. ],0.4197146208568638,0.45947794796763075,0.4395962844122473,0.4744356722499955,False
0,53,-12643.082237967434,[ -6.    3.2 100.  407. ],[ -24.     5.4   66.  1180. ],[-37.    3.2  76.  230. ],[ -34.     5.6   49.  1617. ],[-13.    6.6  53.  821. ],[ -25.     5.8   75.  1500. ],0.22513636191761865,0.1063358405764956,0.16573610124705712,0.29216692362673147,False
1,53,-108.83828185611621,[  -9.     6.1   91.  1536. ],[  -9.     3.8   89.  1280. ],[ -22.     3.3   15.  1398. ],[  -9.     4.4   45.  1867. ],[  -5.     2.4   54.  1383. ],[ -9.   5.  20. 215.],0.4746519634415166,0.49670297862753987,0.48567747103452824,0.4867658538530894,False
7,32,-33887.68236061408,[ -6.    4.3  35.  422. ],[-33.    3.4  97.  166. ],[ -30.     6.9   30.  1838. ],[  -7.     5.1   56.  1481. ],[ -15.     5.8   81.  1456. ],[ -37.     4.8   19.  1982. ],0.17586841439174195,0.4353651560550864,0.3056167852234142,0.644493608829555,False
2,54,-36954.342990361416,[-25.    4.8  22.  378. ],[-35.    2.1  28.  793. ],[ -28.     4.2   43.  1555. ],[-28.    4.7  67.  621. ],[-35.    6.6  41.  127. ],[ -20.     6.8   79.  1369. ],0.11033861737706734,0.09944586731569535,0.10489224234638134,0.4744356722499955,False
0,54,-8965.230942824182,[ -23.     6.5   99.  1418. ],[ -20.     4.7   25.  1836. ],[-23.   3.  69. 872.],[ -8.    6.7  99.  130. ],[-12.    6.6  57.  894. ],[-23.    5.9  50.  484. ],0.28389395476320367,0.1211352736337756,0.20251461419848965,0.29216692362673147,False
7,33,-17764.894316359194,[-18.    4.7  52.  703. ],[ -10.     3.6   74.  1473. ],[  -9.     4.2   29.  1824. ],[-38.    3.3  54.  704. ],[ -22.    3.   44. 1939.],[ -6.    4.2  56.  297. ],0.7740764805866547,0.15961285074527143,0.46684466566596305,0.644493608829555,False
1,54,-12678.185026047146,[-21.    4.5  20.  480. ],[  -2.     2.8   60.  1497. ],[ -25.     6.7   90.  1390. ],[  -7.     4.3   72.  1834. ],[-27.    6.5  84.  508. ],[-36.    3.8  81.   77. ],0.22683565951486756,0.4931323476703684,0.35998400359261795,0.4867658538530894,False
2,55,-6947.218948815259,[ -29.     2.4   15.  1335. ],[-29.    6.3  30.  365. ],[-26.   3.  86. 441.],[-1.000e+00  3.000e+00  2.800e+01  1.066e+03],[ -12.     2.4  100.  1894. ],[-39.    4.8  20.  349. ],0.3601805070511797,0.44974645847250616,0.4049634827618429,0.4744356722499955,False
0,55,-2493.4394671854543,[ -1.    4.7  56.  325. ],[ -26.     4.9   92.  2003. ],[ -17.    5.   18. 1198.],[ -39.     3.9   79.  1183. ],[-27.    3.5  83.  827. ],[ -39.     4.2   98.  1198. ],0.42801944701952044,0.1064456108902334,0.2672325289548769,0.29216692362673147,False
7,34,-32598.667222741882,[ -31.     4.6   75.  1602. ],[  -6.     4.5   32.  1901. ],[ -20.     3.9   59.  1298. ],[ -18.     5.5   47.  1467. ],[-11.    4.3  61.  913. ],[ -16.     6.9   73.  1548. ],0.4224573348702508,0.21455653833402155,0.31850693660213614,0.644493608829555,False
1,55,-362.2203898708432,[  -9.     3.9   65.  1637. ],[-40.    2.4  34.   73. ],[-39.   2.  83. 712.],[ -8.   6.  40. 477.],[-24.    6.6  25.  457. ],[ -29.     5.9   19.  1099. ],0.4721137993761639,0.4941735005325981,0.48314364995438097,0.4867658538530894,False
2,56,-20819.49982187562,[  -8.     6.4   88.  1666. ],[-15.    5.7  61.  723. ],[ -14.     4.3   86.  1585. ],[-35.   7.  89. 324.],[-29.    5.7  80.  653. ],[-19.    2.1  31.  767. ],0.4313254372409692,0.10115591082150938,0.2662406740312393,0.4744356722499955,False
0,56,-13717.719671336448,[-30.    4.4  26.  900. ],[ -12.     6.8   39.  1748. ],[ -31.     6.4   49.  1205. ],[ -14.     3.6   24.  1313. ],[ -33.     2.7   84.  1968. ],[-38.    6.9  82.  914. ],0.18837686367478484,0.12160259015194916,0.154989726913367,0.29216692362673147,False
7,35,-51065.49766109521,[ -36.     5.6   53.  1387. ],[ -19.     4.9   91.  1903. ],[-20.   7.  26. 170.],[-36.    5.9  47.  429. ],[ -38.     6.1   41.  1543. ],[-33.    5.9  66.   71. ],0.13524275469087388,0.13243450974633209,0.13383863221860298,0.644493608829555,False
1,56,-8244.318324965245,[ -3.    2.4  23.  617. ],[ -8.    2.3  64.  831. ],[-16.    5.1  67.  632. ],[-19.    2.5  57.  227. ],[ -30.     2.3   22.  1517. ],[ -22.     6.7   75.  1627. ],0.31509556954879436,0.49354977165807956,0.40432267060343696,0.4867658538530894,False
0,57,-268.24306008443324,[-18.    3.1  85.  441. ],[ -27.     3.9   98.  1546. ],[ -7.    4.5  52.  213. ],[ -1.    4.2  82.  943. ],[-26.    3.2  68.  255. ],[-36.    4.4  24.  493. ],0.4563137241778565,0.12265526187391779,0.28948449302588714,0.29216692362673147,False
7,36,-17400.171313881656,[ -39.     4.2   93.  1302. ],[ -10.     6.2   64.  1855. ],[ -15.     3.3   62.  2018. ],[-15.    2.1  22.  671. ],[-33.    3.4  50.  692. ],[ -30.     6.9   27.  1765. ],0.4714953500337723,0.4694884413477045,0.4704918956907384,0.644493608829555,False
2,57,-16743.015376985826,[ -19.     2.4   29.  1021. ],[-22.    4.2  39.  348. ],[-38.    3.9  68.  577. ],[-38.    2.5  60.  649. ],[-24.    4.1  81.  795. ],[ -19.     3.4   21.  1678. ],0.10545521898889623,0.5085558179713783,0.30700551848013724,0.4744356722499955,False
1,57,-26362.64013469654,[  -4.     4.3   83.  1701. ],[ -17.     3.8   63.  1550. ],[ -32.     4.1   36.  1971. ],[ -38.     3.6   62.  1719. ],[-29.    3.9  24.  423. ],[ -6.    3.5  46.  186. ],0.22692494303273814,0.21935396197950982,0.223139452506124,0.4867658538530894,False
2,58,-19236.41301570581,[  -4.     2.3   40.  1857. ],[  -5.     4.5   86.  1276. ],[-14.    2.6  53.  870. ],[ -30.     3.7   44.  1794. ],[-20.    3.4  21.  688. ],[  -8.     5.8   41.  1208. ],0.43636353146496276,0.127779552720912,0.2820715420929374,0.4744356722499955,False
7,37,-36122.0864925459,[ -34.    6.   30. 1026.],[ -37.     5.8   77.  1456. ],[ -7.    5.1  28.  481. ],[-33.    5.4  69.  145. ],[-29.    4.7  29.  557. ],[ -38.     3.8   54.  1009. ],0.4468182289554806,0.1197272588527113,0.28327274390409596,0.644493608829555,False
0,58,-11867.026934139252,[-22.   5.  71. 101.],[-22.    4.2  56.  491. ],[ -35.     6.1   44.  1481. ],[-10.    2.6  32.  172. ],[ -4.    2.4  30.  669. ],[  -7.     3.8   81.  1761. ],0.2250065015965838,0.12198680697409409,0.17349665428533895,0.29216692362673147,False
1,58,-28575.9848877156,[-40.    5.6  89.  765. ],[-40.    5.9  29.  949. ],[ -40.     2.8   26.  2010. ],[ -30.     3.9   69.  1864. ],[-19.    3.7  91.  122. ],[-11.    6.7  91.  456. ],0.24224776074106982,0.15976424921079702,0.2010060049759334,0.4867658538530894,False
2,59,323.2672179544982,[  -7.     5.3   38.  1916. ],[ -25.     3.6   76.  1419. ],[  -5.     4.1   26.  1599. ],[-15.    4.5  27.  563. ],[-39.    2.1  67.  560. ],[  -2.     6.7   84.  1004. ],0.443997921206853,0.511338767652228,0.4776683444295405,0.4744356722499955,False
1,59,-10272.87451532748,[-32.    5.5  93.  397. ],[ -13.    5.   57. 1443.],[-15.    4.7  21.  410. ],[-12.    2.1  41.  869. ],[ -39.     6.4   90.  1585. ],[-34.    3.6  89.  993. ],0.2819453108744351,0.48612890652519414,0.3840371086998146,0.4867658538530894,False
7,38,-39713.712498683926,[ -18.     6.2   96.  1743. ],[-22.    2.2  82.  358. ],[-16.    5.7  47.  105. ],[ -28.     6.9   82.  1714. ],[ -14.     2.9   99.  1951. ],[ -10.    4.   27. 1704.],0.35832976002208544,0.13638320766334602,0.24735648384271575,0.644493608829555,False
0,59,-12053.766884681414,[-23.    3.5  38.  859. ],[-20.    5.8  78.  889. ],[ -31.     5.1   29.  1664. ],[  -5.     2.3   34.  1655. ],[ -15.     5.3   83.  1021. ],[-33.    3.7  76.  821. ],0.22138455435106863,0.12187395520876602,0.17162925477991733,0.29216692362673147,False
2,60,-17971.0571669546,[ -30.     3.1   49.  1892. ],[ -39.     3.5   44.  1630. ],[-33.   4.  80. 439.],[ -10.     2.5   33.  1543. ],[ -32.     2.5   76.  1944. ],[ -19.     2.8   48.  1739. ],0.11120212879812072,0.4782480723627782,0.2947251005804495,0.4744356722499955,False
0,60,-15745.528045299756,[-38.    6.5  46.  445. ],[-40.    6.7  79.  206. ],[-30.   6.  54. 637.],[ -29.     6.9   29.  1769. ],[-11.    5.6  71.  159. ],[-29.    3.3  59.  284. ],0.16206974526251752,0.10735354108495032,0.1347116431737339,0.29216692362673147,False
7,39,-33488.029243073805,[ -4.    3.2  82.  865. ],[-27.    6.5  18.  604. ],[-32.    5.7  75.  694. ],[-40.    2.4  89.  223. ],[  -4.     2.6   39.  1657. ],[-14.    5.8  78.  874. ],0.18569091340010094,0.4335357193975328,0.3096133163988169,0.644493608829555,False
1,60,-26255.337871599593,[-24.    3.8 100.  203. ],[-17.    3.6  41.  524. ],[ -32.     6.8   35.  1064. ],[ -20.     5.3   61.  1784. ],[ -31.     4.8   69.  1591. ],[ -22.     4.7   28.  1392. ],0.2255448132184562,0.22288013705573073,0.22421247513709347,0.4867658538530894,False
7,40,-3185.037713904393,[ -19.     4.1   56.  1337. ],[-33.    6.1  96.   95. ],[-26.    2.4  59.  765. ],[ -4.   4.  81. 935.],[ -13.     2.6   79.  1309. ],[  -5.     2.6   35.  1811. ],0.8023331290099,0.42295333437112215,0.612643231690511,0.644493608829555,False
0,61,-786.1422714387168,[-19.    3.5  54.  776. ],[ -4.    5.4  20.  321. ],[ -2.    6.4  24.  675. ],[ -25.     4.5   33.  1560. ],[ -23.     6.7   85.  1145. ],[-11.    2.6 100.  285. ],0.4553445082838222,0.11326649354086643,0.2843055009123443,0.29216692362673147,False
2,61,-25768.009361592092,[ -36.    5.   28. 1007.],[-17.   4.  66. 388.],[ -11.    3.   34. 1985.],[-40.    4.8  95.  498. ],[-14.    6.1  73.  154. ],[-29.    6.3  72.  488. ],0.33361116406239344,0.09989999320575575,0.2167555786340746,0.4744356722499955,False
1,61,-16528.796894828916,[-27.    5.3  44.  912. ],[  -8.     6.5   97.  1162. ],[-24.    6.1  76.  958. ],[-26.    2.1  67.  764. ],[-38.    3.2  35.  702. ],[-29.    6.3  93.  255. ],0.15953111419406835,0.48342465561553216,0.3214778849048002,0.4867658538530894,False
2,62,-21262.7943142646,[ -21.     2.7   30.  1563. ],[-27.    3.9  70.  199. ],[-1.   3.5 43.  71. ],[ -26.     4.2   80.  1897. ],[-20.   5.  37. 264.],[ -35.     4.2   34.  1805. ],0.42165785405926115,0.10195760415543789,0.2618077291073495,0.4744356722499955,False
0,62,-3007.161585618262,[-36.    3.6  49.  212. ],[ -29.    3.   23. 1314.],[  -7.     5.3   66.  1011. ],[ -11.    3.   38. 1918.],[ -10.     6.3  100.  1705. ],[-15.    2.8  24.  927. ],0.40213931816136017,0.1220512973797375,0.26209530777054885,0.29216692362673147,False
1,62,-14308.811192035237,[-25.   3.  79. 165.],[ -33.     3.2   55.  1293. ],[ -26.     2.5   78.  1115. ],[-34.    4.1  53.  488. ],[-35.   4.  47. 652.],[-31.    5.5  54.  819. ],0.46991362992940977,0.21744185393606427,0.34367774193273704,0.4867658538530894,False
7,41,-21716.568246488434,[ -36.     6.8   38.  1449. ],[ -24.     5.4   32.  1775. ],[-10.    6.7  37.  196. ],[-23.   2.  26. 295.],[  -2.     4.4   43.  1586. ],[-22.    3.5  78.  714. ],0.4474204696426518,0.4072353830866895,0.42732792636467065,0.644493608829555,False
2,63,-13936.909230530937,[-36.    3.3  23.  943. ],[  -9.     4.4   92.  1787. ],[ -12.     6.4   66.  1914. ],[-33.    2.6  83.  984. ],[-24.    2.1  26.  851. ],[ -32.     5.6   37.  1100. ],0.19254861019849256,0.4775845496908797,0.33506657994468614,0.4744356722499955,False
1,63,-12097.373160705722,[  -5.     6.9   28.  1135. ],[-13.    4.7  16.  914. ],[-26.    4.1  58.  846. ],[ -2.    2.1  58.  474. ],[ -40.    3.   42. 1430.],[ -20.     3.5   15.  1246. ],0.2362466921839056,0.4953375523081588,0.3657921222460322,0.4867658538530894,False
7,42,-32684.6269864434,[ -13.     5.5   24.  1401. ],[ -10.     3.7   69.  1958. ],[ -32.     4.6   15.  1583. ],[-12.    2.5  50.  374. ],[-28.    3.8  53.  607. ],[-29.    6.5  26.  603. ],0.1979417337345008,0.4373529441957412,0.317647338965121,0.644493608829555,False
0,63,-8826.54039372366,[-33.    5.2  98.  253. ],[  -3.     6.4   81.  1796. ],[  -8.     5.3   52.  1198. ],[ -16.     2.1   77.  1863. ],[ -20.     4.1   40.  1195. ],[ -2.    6.2  56.  166. ],0.2858986649786557,0.12190437440033403,0.20390151968949485,0.29216692362673147,False
0,64,-329.4285408943165,[ -20.     4.5   52.  1681. ],[ -15.     6.3   74.  1115. ],[ -10.     3.4   33.  1617. ],[-12.    2.6  36.  194. ],[-36.    6.1  30.  765. ],[  -4.     3.8   46.  1878. ],0.45500277155756225,0.12274250487801433,0.2888726382177883,0.29216692362673147,False
2,64,-19994.660885181293,[ -35.     6.6   46.  1701. ],[  -6.     4.6   72.  1128. ],[ -22.     6.4   69.  1201. ],[-33.    2.6  37.  199. ],[ -32.     3.8   82.  1923. ],[ -30.     3.2   34.  1825. ],0.08766385215852728,0.4613142746378379,0.2744890633981826,0.4744356722499955,False
1,64,-16521.944753330732,[ -37.     4.2   63.  1541. ],[-10.    3.4  31.  962. ],[ -25.     4.7   78.  1915. ],[  -7.     4.6   23.  1602. ],[ -30.     4.1   45.  1388. ],[ -28.     5.1   56.  1217. ],0.15933621701403075,0.4837565956255334,0.3215464063197821,0.4867658538530894,False
7,43,-32514.40310798086,[ -11.     2.5   41.  1850. ],[ -33.     2.7   86.  1237. ],[ -26.     4.9   77.  1516. ],[ -2.    6.3  59.  294. ],[  -2.     3.7   64.  1352. ],[-14.    2.4  85.  410. ],0.19168085821566916,0.4470182972838236,0.31934957774974637,0.644493608829555,False
